Name of Doctor,Speciality,State,City,Rating,Phone No
DR. BAPAT S.P.,Cardiologist,MADHYA PRADESH,SAGAR,1,9100000293
DR. BASARGE MAHESH S.,Cardiologist,GUJARAT,VADODARA,7,9100000294
DR. BATRA ANIL,Cardiologist,MADHYA PRADESH,BHOPAL,1,9100000295
DR. BHALANI NIRAV,Cardiologist,GUJARAT,VADODARA,6,9100000296
DR. BHARANI ANIL,Cardiologist,MADHYA PRADESH,INDORE,8,9100000297
DR. BHATNAGAR AJAY DEEP,Cardiologist,MADHYA PRADESH,INDORE,3,9100000298
DR. BINNAI D.L.,Cardiologist,MADHYA PRADESH,INDORE,1,8100000055
DR. BOHORA SHOMU,Cardiologist,GUJARAT,VADODARA,5,8100000056
DR. CHANDEL HARISHANKAR P.S.,Cardiologist,MADHYA PRADESH,JABALPUR,2,8100000057
DR. CHATURVEDI NEERAJ,Cardiologist,RAJASTHAN,JAIPUR,9,8100000058
DR. CHAWLA KAMALDEEP,Cardiologist,GUJARAT,VADODARA,6,8100000059
DR. CHOPRA SANDEEP,Cardiologist,MADHYA PRADESH,AGAR,6,8100000060
DR. CHOUDHARY (JAIN) PRAVEEN,Cardiologist,MADHYA PRADESH,SATNA,5,8100000061
DR. CHOUDHARY LAL BAHADUR SINGH,Cardiologist,MADHYA PRADESH,NEEMUCH,4,8100000062
DR. CHOUDHARY RAJNI,Cardiologist,MADHYA PRADESH,SEONI,3,8100000063
DR. DAMAN RIPU,Cardiologist,MADHYA PRADESH,GWALIOR,7,8100000064
DR. MEENA C.B.,Cardiologist,RAJASTHAN,JAIPUR,6,8100000043
DR. MIHIR TANNA,Cardiologist,GUJARAT,RAJKOT,10,8100000044
DR. MISHRA ABHISHEK,Cardiologist,MADHYA PRADESH,BHOPAL,1,8100000045
DR. MISHRA ASHISH,Cardiologist,MADHYA PRADESH,INDORE,5,8100000046
DR. MISHRA MUKUL,Cardiologist,UTTAR PRADESH,LUCKNOW,2,8100000047
DR. MITTAL MURLI,Cardiologist,MADHYA PRADESH,NEEMUCH,5,8100000048
DR. MODI NITIN,Cardiologist,MADHYA PRADESH,INDORE,6,8100000049
DR. MUNJEWAR CHANDRASHEKHAR,Cardiologist,MAHARASHTRA,MUMBAI,10,8100000050
DR. NAGESH C.M.,Cardiologist,KARNATAKA,BANGALORE URBAN,1,8100000051
DR. NAIR K.M.,Cardiologist,KARNATAKA,BANGALORE URBAN,4,8100000052
DR. NAVASUNDI GIRISH B.,Cardiologist,KARNATAKA,BANGALORE URBAN,10,8100000053
DR. NEMA RAM NARAYAN,Cardiologist,MADHYA PRADESH,JABALPUR,8,8100000054
DR. NIRMAL KANTI BHATTACHERJEE,Cardiologist,ASSAM,KAMRUP METROPOLITAN,9,9100000048
DR. PANCHAL HITANSHU,Cardiologist,GUJARAT,VADODARA,2,9100000049
DR. PATEL PUSHPRAJ,Cardiologist,MADHYA PRADESH,JABALPUR,2,9100000050
DR NIMIT KUMAR,Cardiologist,BIHAR,SUPAUL,8,9100000051
DR PURUSHOTTAM KUMAR,Cardiologist,BIHAR,SITAMARHI,10,9100000052
DR. AGARWAL AJAY KUMAR,Cardiologist,UTTAR PRADESH,AGRA,7,9100000053
DR. AGRAWAL ANKIT,Cardiologist,MADHYA PRADESH,JABALPUR,6,9100000054
DR. AGRAWAL UMESH,Cardiologist,MADHYA PRADESH,JABALPUR,3,9100067891
DR. AGRAWAL V.V.,Cardiologist,RAJASTHAN,JAIPUR,4,8100000000
DR. AGRAWAL VIJAY KUMAR,Cardiologist,MADHYA PRADESH,INDORE,3,8100000001
DR. AHMED SAGEER,Cardiologist,MADHYA PRADESH,INDORE,6,8100000002
DR. AHUJA ANAND,Cardiologist,GUJARAT,VADODARA,8,8100000003
DR. ARORA VANITA,Cardiologist,DELHI,NEW DELHI,9,8100000004
DR. BAGARAHATTA RAJEEV,Cardiologist,RAJASTHAN,JAIPUR,2,8100000005
DR. BAINARJI TRIDEEP,Cardiologist,MADHYA PRADESH,RATLAM,2,8100000006
DR. BANKER DARSHAN,Cardiologist,GUJARAT,VADODARA,7,8100000007
DR. BANSAL MANOJ,Cardiologist,MADHYA PRADESH,INDORE,2,8100000008
DR. BAPAT S.P.,Cardiologist,MADHYA PRADESH,SAGAR,1,8100000009
DR. GUPTA RAJEEV,Cardiologist,MADHYA PRADESH,BHOPAL,2,8100000010
DR. GUPTA RITESH KUMAR,Cardiologist,RAJASTHAN,JAIPUR,6,8100000011
DR. IYER JAORAM,Cardiologist,MADHYA PRADESH,INDORE,5,8100000012
DR. JAIN AKHILESH,Cardiologist,CHHATTISGARH,SURGUJA,1,8100000013
DR. JAIN ALKESH,Cardiologist,MADHYA PRADESH,INDORE,6,8100000014
DR. JAIN ANOOP,Cardiologist,RAJASTHAN,JAIPUR,8,8100000015
DR. JAIN ASHISH KUMAR,Cardiologist,MADHYA PRADESH,INDORE,2,8100000016
DR. JAIN DHARMENDRA,Cardiologist,UTTAR PRADESH,VARANASI,10,8100000017
DR. JAIN M.L.,Cardiologist,MADHYA PRADESH,NEEMUCH,8,8100000018
DR. JAIN MANDAR,Cardiologist,MADHYA PRADESH,SAGAR,5,8100000019
DR. JAIN SIDDHANT,Cardiologist,MADHYA PRADESH,INDORE,6,8100000020
DR. JAYARANGANATH,Cardiologist,KARNATAKA,BANGALORE URBAN,7,8100000021
DR. JOSEPH JOHNY,Cardiologist,KERALA,KOTTAYAM,9,8100000022
DR. KAPASHI KETAN,Cardiologist,GUJARAT,VADODARA,9,8100000023
DR. KAWTHEKAR GIRISH,Cardiologist,MADHYA PRADESH,INDORE,5,8100000024
DR. RASHID MOHAMMED HAROON,Cardiologist,KARNATAKA,BANGALORE URBAN,8,8100000025
DR. RASTOGI PUNEET,Cardiologist,MADHYA PRADESH,GWALIOR,3,8100000026
DR. SACHDEV VIKAS,Cardiologist,MADHYA PRADESH,BHOPAL,8,8100000027
DR. SANTHOSH K.,Cardiologist,KARNATAKA,MYSORE,6,8100000028
DR. SAXENA ANIL,Cardiologist,DELHI,NEW DELHI,9,8100000029
DR. SEN AMAL KANTI,Cardiologist,MADHYA PRADESH,JABALPUR,10,8100000030
DR. SHARMA AJAY,Cardiologist,MADHYA PRADESH,BHOPAL,1,8100000031
DR. SHARMA ARVIND,Cardiologist,GUJARAT,VADODARA,7,8100000032
DR. SHARMA ARVIND,Cardiologist,RAJASTHAN,AJMER,4,8100000033
DR. SHARMA R.S.,Cardiologist,MADHYA PRADESH,JABALPUR,2,8100000034
DR. SHARMA S.M.,Cardiologist,RAJASTHAN,JAIPUR,9,8100000035
DR. SHARMA SUNIL KUMAR,Cardiologist,MADHYA PRADESH,INDORE,5,8100000036
DR. SHARMA SUNIL KUMAR,Cardiologist,RAJASTHAN,JAIPUR,1,8100000037
DR. SHENDE ATUL,Cardiologist,MADHYA PRADESH,INDORE,9,8100000038
DR. SHETH CHIRAG,Cardiologist,GUJARAT,VADODARA,4,8100000039
DR ROHAN SINHA,Immunologist,BIHAR,MUZAFFARPUR,5,9876543210
DR. BAJPAI S.S.,Immunologist,MADHYA PRADESH,CHHATARPUR,1,8765432109
DR. BANZAL SUBODH,Immunologist,MADHYA PRADESH,INDORE,7,9123456780
DR. BHAGWAT R. ANAND,Immunologist,MADHYA PRADESH,INDORE,2,8012345678
DR. BHARANI TANMAY,Immunologist,MADHYA PRADESH,INDORE,7,9543210987
DR. BHUTDA PANKAJ,Immunologist,MADHYA PRADESH,CHHINDWARA,7,8899001122
DR. DENGRA ASHISH S.,Immunologist,MADHYA PRADESH,JABALPUR,3,9988776655
DR. GUPTA AJAY,Immunologist,MADHYA PRADESH,INDORE,3,9321456789
DR. JAIN ARUN,Immunologist,MADHYA PRADESH,INDORE,3,8796543210
DR. JAIN SANDEEP,Immunologist,MADHYA PRADESH,BHOPAL,7,9112233445
DR. KASTWAR VISHAL,Immunologist,MADHYA PRADESH,JABALPUR,2,7890123456
DR. KUMUT FULGUNI,Immunologist,MADHYA PRADESH,INDORE,2,8901234567
DR. MISRA SATYENDRA,Immunologist,MADHYA PRADESH,JABALPUR,3,9012345678
DR. OAK CHAITANYA,Immunologist,MADHYA PRADESH,JABALPUR,5,9123456789
DR. PANDEY KIRNESH,Immunologist,MADHYA PRADESH,INDORE,8,9234567890
DR. PATEL H.S.,Immunologist,MADHYA PRADESH,JABALPUR,5,9345678901
DR. SEN BAPU,Immunologist,TRIPURA,UNAKOTI,6,9456789012
DR. SETH ANKIT,Immunologist,MADHYA PRADESH,JABALPUR,9,9567890123
DR. SHRIVASTAVA PRASOON,Immunologist,MADHYA PRADESH,SEONI,2,9678901234
DR. SWAMY PARIMAL,Immunologist,MADHYA PRADESH,JABALPUR,10,9789012345
PANKAJ CHAUDHARY,Immunologist,ASSAM,CACHAR,3,9890123456
SUMIT KUMAR AKELA,Immunologist,BIHAR,BHAGALPUR,9,9998887776
ANITA MERANI,Dermatologist,MAHARASHTRA,NASHIK,9,9100000203
DR RAJEE KUMAR,Dermatologist,BIHAR,SIWAN,6,9100000204
DR. AAMIR RIYAZ,Dermatologist,MAHARASHTRA,NAGPUR,8,9100000205
DR. ADATIA RUPA PAWAN,Dermatologist,MAHARASHTRA,NAGPUR,8,9100000206
DR. AGARWAL ANIL,Dermatologist,HARYANA,GURGAON,3,9100000207
DR. AGARWAL BIPLAV,Dermatologist,HARYANA,GURGAON,10,9100000208
DR. AGARWAL SATISH,Dermatologist,UTTAR PRADESH,AGRA,3,9100000209
DR. AGRAWAL AKHIKESH,Dermatologist,MADHYA PRADESH,BHOPAL,1,9100000210
DR. AGRAWAL BRAJESH,Dermatologist,MADHYA PRADESH,JABALPUR,7,9100000211
DR. AGRAWAL DEVESH,Dermatologist,MADHYA PRADESH,SATNA,10,9100000212
DR. AGRAWAL MITESH,Dermatologist,MADHYA PRADESH,INDORE,10,9100000213
DR. AGRAWAL N.S.,Dermatologist,MADHYA PRADESH,BHOPAL,1,9100000214
DR. AGRAWAL NEERAJ KUMAR,Dermatologist,UTTAR PRADESH,VARANASI,6,9100000215
DR. AGRAWAL NITESH,Dermatologist,MADHYA PRADESH,RATLAM,2,9100000216
DR. AGRAWAL PUNIT,Dermatologist,MADHYA PRADESH,SATNA,7,9100000217
DR. AGRAWAL UMESH,Dermatologist,MADHYA PRADESH,RATLAM,9,9100000218
DR. AGRAWAL VISHAL,Dermatologist,MADHYA PRADESH,INDORE,7,9100000219
DR. AKOLKAR SANDIP A.,Dermatologist,GUJARAT,VADODARA,6,9100000220
DR. ALEX ANNA,Dermatologist,MADHYA PRADESH,BHOPAL,7,9100000221
DR. ALI S.,Dermatologist,MADHYA PRADESH,INDORE,3,9100000222
DR. ARORA SUREKHA,Dermatologist,MADHYA PRADESH,INDORE,9,9100000223
DR. BANSAL MANISH,Dermatologist,UTTAR PRADESH,VARANASI,7,9100000224
DR. BARDOLIWALA CHIRAYU,Dermatologist,GUJARAT,VADODARA,1,9100000225
DR. BARUA SUBODH,Dermatologist,MADHYA PRADESH,JABALPUR,6,9100000226
DR. BHATI SURENDRA SINGH,Dermatologist,MADHYA PRADESH,INDORE,6,9100000227
DR. BHATIA KAILASH,Dermatologist,MADHYA PRADESH,INDORE,9,9100000228
DR. BHATTI MITESH D.,Dermatologist,GUJARAT,RAJKOT,1,9100000229
DR. BHAVSAR DEEPAK,Dermatologist,GUJARAT,VADODARA,6,9100000230
DR. BOHRA SAKINA,Dermatologist,MADHYA PRADESH,JABALPUR,10,9100000231
DR. CHANDEL P.S.,Dermatologist,MADHYA PRADESH,BHOPAL,9,9100000232
DR. CHAUHAN BHARAT SINGH,Dermatologist,MADHYA PRADESH,JABALPUR,10,9100000233
DR. CHHABRA J.S.,Dermatologist,MADHYA PRADESH,INDORE,6,9100000234
DR. CHHATWAL P.S.,Dermatologist,MADHYA PRADESH,INDORE,9,9100000235
DR. CHOPRA MANISH,Dermatologist,MADHYA PRADESH,INDORE,8,9100000236
DR. CHOUDHARY MONIKA,Dermatologist,MADHYA PRADESH,INDORE,3,9100000237
DR. CHOURASIYA B.K.,Dermatologist,MADHYA PRADESH,INDORE,3,9100000238
DR. COKHALE NARENDRA,Dermatologist,MADHYA PRADESH,INDORE,5,9100000239
DR. DABRA GOVIND PRASAD,Dermatologist,MADHYA PRADESH,RATLAM,7,9100000240
DR. DADU NIVEDITA,Dermatologist,DELHI,WEST DELHI,6,9100000241
DR. DANDALE AMEET,Dermatologist,MAHARASHTRA,MUMBAI,9,9100000242
DR. DASHORE ANIL,Dermatologist,MADHYA PRADESH,INDORE,4,9100000243
DR. DASHORE SHUKEN,Dermatologist,MADHYA PRADESH,INDORE,1,9100000244
DR. DAWANI G.,Dermatologist,MADHYA PRADESH,INDORE,7,9100000245
DR. DEEWANI GHARIB,Dermatologist,MADHYA PRADESH,INDORE,8,9100000246
DR. DESAI HEMANG N.,Dermatologist,GUJARAT,RAJKOT,3,9100000247
DR. DESAI NILAM,Dermatologist,GUJARAT,VADODARA,6,9100000248
DR. DHANANI JAYSHREE D.,Dermatologist,GUJARAT,RAJKOT,1,9100000249
DR. DHANOTIA PRIYANKA,Dermatologist,MADHYA PRADESH,INDORE,8,9100000250
DR. DHOPTE MAHENDRA,Dermatologist,GUJARAT,VADODARA,3,9100000251
DR. DUBEY ANAND,Dermatologist,MADHYA PRADESH,BHOPAL,2,9100000252
DR. DUBEY JANARDAN,Dermatologist,MADHYA PRADESH,SAGAR,4,9100000253
DR. DUBEY MURLI MANOHAR,Dermatologist,MADHYA PRADESH,SAGAR,1,9100000254
DR. DUBEY SANJAY,Dermatologist,MADHYA PRADESH,INDORE,1,9100000255
DR. DUBEY SUNEET,Dermatologist,MADHYA PRADESH,JABALPUR,2,9100000256
DR. GAHARWAL R.S.,Dermatologist,MADHYA PRADESH,JABALPUR,7,9100000257
DR. GARG ANUBHAV,Dermatologist,MADHYA PRADESH,MORENA,10,9100000258
DR. GARG M.P.,Dermatologist,MADHYA PRADESH,NEEMUCH,10,9100000259
DR. GOKHALE NARENDRA,Dermatologist,MADHYA PRADESH,INDORE,3,9100000260
DR. GOLE PRACHI VINAYAK,Dermatologist,MADHYA PRADESH,INDORE,2,9100000261
DR. GUPTA CHANDRAMOHAN,Dermatologist,MADHYA PRADESH,BHOPAL,7,9100000262
DR. GUPTA DEVENDRA KUMAR,Dermatologist,MADHYA PRADESH,JABALPUR,10,9100000263
DR. GUPTA SATISH CHANDRA,Dermatologist,MADHYA PRADESH,KHARGONE,6,9100000264
DR. GUPTA SHARAD,Dermatologist,MADHYA PRADESH,SAGAR,6,9100000265
DR. GUPTA USHA,Dermatologist,MADHYA PRADESH,JABALPUR,5,9100000266
DR. HEMNANI DILIP,Dermatologist,MADHYA PRADESH,INDORE,6,9100000267
DR. JAIN APOORVA,Dermatologist,MADHYA PRADESH,BHOPAL,4,9100000268
DR. JAIN ATUL,Dermatologist,MADHYA PRADESH,INDORE,9,9100000269
DR. JAIN PRIYA,Dermatologist,MADHYA PRADESH,DAMOH,6,9100000270
DR. JAIN RAJEEV,Dermatologist,MADHYA PRADESH,KHANDWA,5,9100000271
DR. JAIN S.K.,Dermatologist,RAJASTHAN,KOTA,3,9100000272
DR. JAIN S.M.,Dermatologist,MADHYA PRADESH,GWALIOR,2,9100000273
DR. JAIN SUBHASH,Dermatologist,MADHYA PRADESH,INDORE,1,9100000274
DR. JAIN SUKHMAL,Dermatologist,MADHYA PRADESH,GUNA,9,9100000275
DR. JAIN VIVEK,Dermatologist,GUJARAT,VADODARA,7,9100000276
DR. JANGID,Dermatologist,DELHI,NEW DELHI,10,9100000277
DR. KOTHARI ARUNA,Dermatologist,MADHYA PRADESH,CHHINDWARA,2,9100000278
DR. KOTHARI JAYESH,Dermatologist,MADHYA PRADESH,INDORE,4,9100000279
DR. KOTHARI JAYESH,Dermatologist,MADHYA PRADESH,KHARGONE,2,9100000280
DR. KUMAR MAHESH,Dermatologist,MADHYA PRADESH,INDORE,5,9100000281
DR. LAHIRI KOUSHIK,Dermatologist,WEST BENGAL,KOLKATA,3,9100000282
DR. LALSETA CHETAN S.,Dermatologist,GUJARAT,RAJKOT,5,9100000283
DR. LALTHLENGLIANI,Dermatologist,MIZORAM,AIZAWL,5,9100000284
DR. LUTHRA SACHIN,Dermatologist,MADHYA PRADESH,JABALPUR,9,9100000285
DR. MAHAJAN RASHMI,Dermatologist,GUJARAT,VADODARA,8,9100000286
DR. MALPANI SUNEEL,Dermatologist,MADHYA PRADESH,INDORE,5,9100000287
DR. MAPARA SURESH H.,Dermatologist,GUJARAT,RAJKOT,8,9100000288
DR. MATRAVADIA ASHA C.,Dermatologist,GUJARAT,RAJKOT,4,9100000289
DR. MEHARDA ASHOK,Dermatologist,RAJASTHAN,AJMER,5,9100000290
DR. MEHTA PARESH?,Dermatologist,GUJARAT,VADODARA,2,9100000291
DR. MISHRA ANAMIKA,Dermatologist,MADHYA PRADESH,JABALPUR,7,9100000292
DR. JAIN MANISH,Gastroenterologist,MADHYA PRADESH,BHOPAL,10,9100000146
DR. JAIN MAYANK,Gastroenterologist,MADHYA PRADESH,INDORE,10,9100000147
DR. JAIN NEERAJ,Gastroenterologist,MADHYA PRADESH,INDORE,1,9100000148
DR. JAIN R.K,Gastroenterologist,MADHYA PRADESH,BHOPAL,2,9100000149
DR. JOSHI GUNJAN,Gastroenterologist,GUJARAT,RAJKOT,2,9100000150
DR. KALE RAVINDRA,Gastroenterologist,MADHYA PRADESH,INDORE,4,9100000151
DR. KUMAR SANJAY,Gastroenterologist,MADHYA PRADESH,BHOPAL,6,9100000152
DR. MAHAPATRA ANUPAM,Gastroenterologist,CHHATTISGARH,SURGUJA,7,9100000153
DR. MISHRA KAILASH,Gastroenterologist,MADHYA PRADESH,INDORE,2,9100000154
DR. MOHAMMAD TALHA NOOR,Gastroenterologist,MADHYA PRADESH,INDORE,3,9100000155
DR. MUKEWAR SHRIKANT V.,Gastroenterologist,MAHARASHTRA,NAGPUR,1,9100000156
DR. NAMDEO ARVIND,Gastroenterologist,MADHYA PRADESH,BHOPAL,10,9100000157
DR. PATEL HIMANSHU,Gastroenterologist,GUJARAT,VADODARA,1,9100000158
DR. QURESHI IQBAL NABI,Gastroenterologist,MADHYA PRADESH,INDORE,7,9100000159
DR. RAI VIJAN,Gastroenterologist,MADHYA PRADESH,BHOPAL,1,9100000160
DR. RAI VIJAY,Gastroenterologist,MADHYA PRADESH,BHOPAL,6,9100000161
DR. RAO A. SURYA SUDHAKAR,Gastroenterologist,ANDHRA PRADESH,VIZIANAGARAM,8,9100000162
DR. RATHI RAVI,Gastroenterologist,MADHYA PRADESH,INDORE,3,9100000163
DR. SETHI ASHISH,Gastroenterologist,GUJARAT,VADODARA,1,9100000164
DR. SHAH PARAS D.,Gastroenterologist,GUJARAT,RAJKOT,5,9100000165
DR. SHANKER VIJAY,Gastroenterologist,BIHAR,PATNA,2,9100000166
DR. SHARMA ANIL,Gastroenterologist,RAJASTHAN,KOTA,9,9100000167
DR. SHUKLA SUNIT,Gastroenterologist,UTTAR PRADESH,VARANASI,6,9100000168
DR. SIKDAR SOHINI,Gastroenterologist,MADHYA PRADESH,INDORE,6,9100000169
DR. SIRKAR SHOHINI,Gastroenterologist,MADHYA PRADESH,INDORE,5,9100000170
DR. SOMANI SANJAY KUMAR,Gastroenterologist,UTTAR PRADESH,LUCKNOW,4,9100000171
DR. THAKUR BHAGWAN S.,Gastroenterologist,MADHYA PRADESH,INDORE,3,9100000172
DR. VAIDYA VIVEK V.,Gastroenterologist,MADHYA PRADESH,JABALPUR,7,9100000173
DR. YADAV HARI PRASHAD,Gastroenterologist,MADHYA PRADESH,INDORE,6,9100000174
DR. ZINZUWADIA SURESH,Gastroenterologist,GUJARAT,VADODARA,10,9100000175
DR. AGRAWAL AMIT,Gastroenterologist,MADHYA PRADESH,INDORE,1,9100000176
DR. ANAND RAKESH,Gastroenterologist,MADHYA PRADESH,JABALPUR,5,9100000177
DR. BAIPALLI RAMESH,Gastroenterologist,ANDHRA PRADESH,VISAKHAPATNAM,2,9100000178
DR. BUCH PRASHANT,Gastroenterologist,GUJARAT,VADODARA,5,9100000179
DR. CHACHRA RAM SARAN,Gastroenterologist,MADHYA PRADESH,BHOPAL,6,9100000180
DR. CHAUBAL CHAITRANJAN,Gastroenterologist,MADHYA PRADESH,BHOPAL,10,9100000181
DR. CHAUDHARI VEERENDRA SINGH,Gastroenterologist,MADHYA PRADESH,BHOPAL,1,9100000182
DR. CHAWLANI ROMESH,Gastroenterologist,MADHYA PRADESH,JABALPUR,4,9100000183
DR. CHOUDHARY ASHMIT,Gastroenterologist,MADHYA PRADESH,INDORE,10,9100000184
DR. CHOUDHRY VIRENDRA S.,Gastroenterologist,MADHYA PRADESH,BHOPAL,8,9100000185
DR. DIXIT V.K.,Gastroenterologist,UTTAR PRADESH,VARANASI,9,9100000186
DR. I. NARESH KUMAR,Gastroenterologist,ANDHRA PRADESH,VIZIANAGARAM,2,9100000187
DR. JAIN A.K.,Gastroenterologist,UTTAR PRADESH,VARANASI,2,9100000188
DR. JAIN AJAY KUMAR,Gastroenterologist,MADHYA PRADESH,INDORE,8,9100000189
DR. JAIN MANISH,Gastroenterologist,MADHYA PRADESH,BHOPAL,10,9100000190
DR. AGRAWAL AJIT,Gastroenterologist,WEST BENGAL,KOLKATA,7,9100000191
DR. HUSSAIN SYED AAMIR,Gastroenterologist,MADHYA PRADESH,BHOPAL,6,9100000192
DR. JOSHI SHUBHANJAL,Gastroenterologist,MADHYA PRADESH,BHOPAL,3,9100000193
DR. KUMAR SUSHIL,Gastroenterologist,MADHYA PRADESH,UMARIA,4,9100000194
DR. MISHRA SUJAY,Gastroenterologist,MADHYA PRADESH,JABALPUR,3,9100000195
DR. PANDE RAJ SHEKHAR,Gastroenterologist,MADHYA PRADESH,JABALPUR,6,9100000196
DR. PANDE RAJ SHEKHAR,Gastroenterologist,MADHYA PRADESH,JABALPUR,8,9100000197
DR. PATEL NILESH,Gastroenterologist,MADHYA PRADESH,INDORE,9,9100000198
DR. SENGUPTA PRIYADARSHANI,Gastroenterologist,MADHYA PRADESH,SATNA,2,9100000199
DR. SHRIVASTAVA RITESH,Gastroenterologist,MADHYA PRADESH,RAISEN,2,9100000200
DR. TIWARI P.C.,Gastroenterologist,MADHYA PRADESH,JABALPUR,7,9100000201
DR. BUCH KEYUR,Neurologist,GUJARAT,VADODARA,2,9100000052
DR. CHAUHAN NAMRATA,Neurologist,MADHYA PRADESH,JABALPUR,1,9100000053
DR. CHAURASIA RAMESHWAR NATH,Neurologist,UTTAR PRADESH,VARANASI,2,9100000054
DR. DAVE GAURAV R.,Neurologist,GUJARAT,RAJKOT,6,9100000055
DR. DUBEY T.N.,Neurologist,MADHYA PRADESH,BHOPAL,5,9100000056
DR. GUPTA RACHANA,Neurologist,MADHYA PRADESH,INDORE,1,9100000057
DR. JAIN DEEPAK,Neurologist,MADHYA PRADESH,INDORE,6,9100000058
DR. JAIN DEEPAK,Neurologist,RAJASTHAN,JAIPUR,8,9100000059
DR. JAIN NISHTHA,Neurologist,RAJASTHAN,KOTA,2,9100000060
DR. JAIN RAHUL,Neurologist,MADHYA PRADESH,INDORE,10,9100000061
DR. JAIN RAJENDRA SINGH,Neurologist,RAJASTHAN,JAIPUR,8,9100000062
DR. JAIN S.K.,Neurologist,MADHYA PRADESH,BHOPAL,5,9100000063
DR. JOGI VISHAL,Neurologist,GUJARAT,AHMEDABAD,6,9100000064
DR. JOHRI MUKESH SWAROOP,Neurologist,MADHYA PRADESH,JABALPUR,7,9100000065
DR. K. HEMANTH KUMAR,Neurologist,ANDHRA PRADESH,KURNOOL,9,9100000066
DR. KAMBLE SUMIT,Neurologist,RAJASTHAN,KOTA,9,9100000067
DR. KATARIA VARUN,Neurologist,MADHYA PRADESH,INDORE,5,9100000068
DR. KATHPAL J.S.,Neurologist,MADHYA PRADESH,INDORE,8,9100000069
DR. KAUL SIDDHARTH M.,Neurologist,GUJARAT,RAJKOT,3,9100000070
DR. KAWRE K.K.,Neurologist,MADHYA PRADESH,BHOPAL,8,9100000071
DR. KHANDELWAL DINESH,Neurologist,RAJASTHAN,JAIPUR,6,9100000072
DR. KUMAR SUDHIR,Neurologist,TELANGANA,HYDERABAD,9,9100000073
DR. KUMAWAT B.L.,Neurologist,RAJASTHAN,JAIPUR,10,9100000074
DR. LEKHRA O.P.,Neurologist,MADHYA PRADESH,INDORE,1,9100000075
DR. MAHESHWARI AMIT,Neurologist,MADHYA PRADESH,INDORE,7,9100000076
DR. MAHESHWARI DILIP,Neurologist,RAJASTHAN,KOTA,4,9100000077
DR. MALIK SUNIL,Neurologist,MADHYA PRADESH,BHOPAL,2,9100000078
DR. MANDLIYA ALOK,Neurologist,MADHYA PRADESH,INDORE,9,9100000079
DR. MOON PARAG,Neurologist,RAJASTHAN,KOTA,5,9100000080
DR. MULYE RAJESH S.,Neurologist,MADHYA PRADESH,INDORE,1,9100000081
DR. NAGPAL TARUN,Neurologist,MADHYA PRADESH,JABALPUR,9,9100000082
DR. NAYAK RAJEEV,Neurologist,MADHYA PRADESH,JABALPUR,4,9100000083
DR. OJHA PIYUSH,Neurologist,RAJASTHAN,KOTA,5,9100000084
DR. PANCHOLI DILEEP,Neurologist,MADHYA PRADESH,INDORE,1,9100000085
DR. PANDYA ALPESH K.,Neurologist,GUJARAT,RAJKOT,7,9100000086
DR. PANJWANI DHANRAJ,Neurologist,MADHYA PRADESH,INDORE,2,9100000087
DR. PARMAR TUSHAR J.,Neurologist,GUJARAT,RAJKOT,7,9100000088
DR. PASSI PRAVAR,Neurologist,MADHYA PRADESH,INDORE,7,9100000089
DR. PASSI PRAVAR,Neurologist,MADHYA PRADESH,INDORE,3,9100000090
DR. PATEL NISHEETH S.,Neurologist,GUJARAT,RAJKOT,3,9100000091
DR. PATEL RAJESH,Neurologist,MADHYA PRADESH,JABALPUR,3,9100000092
DR. PATWA NARESH,Neurologist,MADHYA PRADESH,INDORE,7,9100000093
DR. PAURANIK APOORVA,Neurologist,MADHYA PRADESH,INDORE,2,9100000094
DR. RAGHUVANSHI SIDDHARTH,Neurologist,MADHYA PRADESH,BHOPAL,2,9100000095
DR. RAI NEHA,Neurologist,MADHYA PRADESH,INDORE,3,9100000096
DR. RAI VINOD,Neurologist,MADHYA PRADESH,INDORE,5,9100000097
DR. RAJPOOT R.B.,Neurologist,MADHYA PRADESH,CHHATARPUR,8,9100000098
DR. S. NARMADHA,Neurologist,ANDHRA PRADESH,VIZIANAGARAM,5,9100000099
DR. SAHNI ANUPAM,Neurologist,MADHYA PRADESH,JABALPUR,6,9100000100
DR. SAHU RITESH,Neurologist,CHHATTISGARH,RAIPUR,9,9100000101
DR. SANKALP MOHAN,Neurologist,RAJASTHAN,KOTA,2,9100000102
DR. SARDANA VIJAY,Neurologist,RAJASTHAN,KOTA,10,9100000103
DR. SHAH RAKESH,Neurologist,GUJARAT,VADODARA,3,9100000104
DR. SHARMA ANJANI KUMAR,Neurologist,RAJASTHAN,JAIPUR,9,9100000105
DR. SHARMA BHAWNA,Neurologist,RAJASTHAN,JAIPUR,9,9100000106
DR. SHARMA CHANDRA MOHAN,Neurologist,RAJASTHAN,JAIPUR,6,9100000107
DR. SHARMA L.N.,Neurologist,MADHYA PRADESH,JABALPUR,8,9100000108
DR. SHARMA NITIN,Neurologist,MADHYA PRADESH,JABALPUR,8,9100000109
DR. SHARMA YOGESH,Neurologist,GUJARAT,VADODARA,3,9100000110
DR. SHRIVASTAVA TRILOCHAN,Neurologist,RAJASTHAN,JAIPUR,10,9100000111
DR. SINHA HYMAN,Neurologist,CHHATTISGARH,SURGUJA,3,9100000112
DR. SODANI AJOY KUMAR,Neurologist,MADHYA PRADESH,INDORE,1,9100000113
DR. SUNIL KUMAR SHARMA,Neurologist,RAJASTHAN,KOTA,7,9100000114
DR. TAPARIA ATUL,Neurologist,MADHYA PRADESH,INDORE,10,9100000115
DR. TIWARI NAVIN,Neurologist,MADHYA PRADESH,INDORE,10,9100000116
DR. TRIVEDI CHETAN,Neurologist,GUJARAT,VADODARA,1,9100000117
DR. UPADHYAY BHAVIN,Neurologist,GUJARAT,VADODARA,6,9100000118
DR. VAISHNAV ANAND,Neurologist,GUJARAT,VADODARA,2,9100000119
DR. VERMA AJEET,Neurologist,MADHYA PRADESH,BHOPAL,7,9100000120
DR. VYAS AMIT,Neurologist,MADHYA PRADESH,INDORE,9,9100000121
DR. VYAS ARVIND,Neurologist,RAJASTHAN,JAIPUR,7,9100000122
ALAFIYA MEDITOUR,Neurologist,HARYANA,GURUGRAM,6,9100000123
DR K HEMANTH KUMAR MD DM,Neurologist,ANDHRA PRADESH,KURNOOL,7,9100000124
DR K HEMANTH KUMAR MD DM,Neurologist,ANDHRA PRADESH,KURNOOL,3,9100000125
DR. AGARWAL RAKESH,Neurologist,RAJASTHAN,JAIPUR,9,9100000126
DR. AGARWAL SARVESH,Neurologist,UTTAR PRADESH,AGRA,7,9100000127
DR. AGARWAL VINAY,Neurologist,UTTAR PRADESH,AGRA,1,9100000128
DR. ARORA RAVINDRA SINGH,Neurologist,RAJASTHAN,JAIPUR,6,9100000129
DR. ATHALE SUNIL,Neurologist,MADHYA PRADESH,INDORE,6,9100000130
DR. BAGDI ASHISH,Neurologist,MADHYA PRADESH,INDORE,9,9100000131
DR. BARANWAL MANORANJAN,Neurologist,MADHYA PRADESH,INDORE,1,9100000132
DR. BHAGWAT ABHAY,Neurologist,MADHYA PRADESH,INDORE,6,9100000133
DR. BHANDARI AVEG,Neurologist,MADHYA PRADESH,INDORE,10,9100000134
DR. BHARAT BHUSHAN,Neurologist,RAJASTHAN,KOTA,9,9100000135
DR. BHIMANI BIPINCHANDRA B.,Neurologist,GUJARAT,RAJKOT,10,9100000136
DR. BUCH KEYUR,Neurologist,GUJARAT,VADODARA,6,9100000137
DR. VERMA ABHYUDAYA,Endocrinologist,MADHYA PRADESH,INDORE,9,9100000035
GAYATRI S,Endocrinologist,ANDHRA PRADESH,NELLORE,8,9100000036
ANSHUL KUMAR,Endocrinologist,DELHI,WEST DELHI,3,9100000037
DR. AGRAWALA RITESH KUMAR,Endocrinologist,ODISHA,KHORDHA,3,9100000038
DR. BHARADWAJ VRIND KUMAR,Endocrinologist,MADHYA PRADESH,JABALPUR,5,9100000039
DR. JAIN SUNIL M.,Endocrinologist,MADHYA PRADESH,INDORE,7,9100000040
DR. JINDAL SUSHIL,Endocrinologist,MADHYA PRADESH,BHOPAL,6,9100000041
DR. JULKA SANDEEP,Endocrinologist,MADHYA PRADESH,INDORE,9,9100000042
DR. KALAVALAPALLI SHYAM,Endocrinologist,TELANGANA,HYDERABAD,4,9100000043
DR. PARGI VAIBHAV,Endocrinologist,GUJARAT,VADODARA,1,9100000044
DR. ROY B.K.,Endocrinologist,DELHI,NEW DELHI,7,9100000045
DR. SHAH MONA H.,Endocrinologist,GUJARAT,VADODARA,8,9100000046
DR. SHARMA MANUJ,Endocrinologist,MADHYA PRADESH,BHOPAL,3,9100000047
DR. SHRIVASTAVA ABHISHEK,Endocrinologist,MADHYA PRADESH,JABALPUR,6,9100000048
DR. SHRIVASTAVA SONAL,Endocrinologist,MADHYA PRADESH,INDORE,1,9100000049
DR. SINGH S.K.,Endocrinologist,UTTAR PRADESH,VARANASI,8,9100000050
DR. VERMA ABHYUDAYA,Endocrinologist,MADHYA PRADESH,INDORE,3,9100000051
Kamalnayan Bajaj Hospital �,Orthopedist,MAHARASHTRA �,AURANGABAD �,2,9100000023
SP Ortho Clinic �,Orthopedist,TAMIL NADU �,MADURAI �,4,9100000024
Sudha Orthopaedic and Gynec Hospital �,Orthopedist,RAJASTHAN �,UDAIPUR �,1,9100000025
Wanowrie Ruby Hall �,Orthopedist,MAHARASHTRA �,PUNE �,1,9100000026
Baba Ortho Center �,Orthopedist,BIHAR �,MUZAFFARPUR �,2,9100000027
Bhopal Fracture Hospital �,Orthopedist,MADHYA PRADESH �,BHOPAL �,7,9100000028
Janpriya Hospital �,Orthopedist,MADHYA PRADESH �,JABALPUR �,10,9100000029
Kothari Surgical & Truma Centre �,Orthopedist,MADHYA PRADESH �,JABALPUR �,10,9100000030
Niramayacare Super Speciality Hospital �,Orthopedist,WEST BENGAL �,KOLKATA �,3,9100000031
Prashnani Ortho Hospital �,Orthopedist,MADHYA PRADESH �,JABALPUR �,2,9100000032
Roma Chaterjee Nursing Home �,Orthopedist,MADHYA PRADESH �,JABALPUR �,7,9100000033
Shubhlabh Hospital �,Orthopedist,MADHYA PRADESH �,JABALPUR �,10,9100000034
DR ALOK PANDEY,Urologist,BIHAR,WEST CHAMPARAN,6,8887776665
DR. AGARWAL KISHAN KUMAR,Urologist,UTTAR PRADESH,AGRA,6,7776665554
DR. AGARWAL MADHU SUDAN,Urologist,UTTAR PRADESH,AGRA,5,7665554443
DR. AGARWAL RAJEEV,Urologist,MADHYA PRADESH,INDORE,6,7554443332
DR. AGRAWAL AVINASH,Urologist,MADHYA PRADESH,GWALIOR,4,7443332221
DR. AGRAWAL SANTOSH,Urologist,MADHYA PRADESH,INDORE,9,7332221110
DR. AGRAWAL SHYAM,Urologist,MADHYA PRADESH,INDORE,6,7221110009
DR. AIRAN RAJENDRA K.,Urologist,MADHYA PRADESH,NEEMUCH,5,7110009998
DR. AJWANI VICKY R.,Urologist,GUJARAT,VADODARA,3,7098765432
DR. AMLANI JITENDRA C.,Urologist,GUJARAT,RAJKOT,2,6987654321
DR. BANDI ANIL,Urologist,MADHYA PRADESH,INDORE,1,6876543210
DR. BAPAYE MANOHAR,Urologist,MAHARASHTRA,NASHIK,9,6765432109
DR. BHANDARKAR AJAY,Urologist,GUJARAT,VADODARA,7,6654321098
DR. BHARPODA PRAGNESH Y.,Urologist,GUJARAT,VADODARA,10,6543210987
DR. BHATIA SUSHEEL,Urologist,MADHYA PRADESH,INDORE,2,6432109876
DR. BHATIA SUSHIL,Urologist,MADHYA PRADESH,INDORE,4,6321098765
DR. CHADHA AMIT,Urologist,GUJARAT,VADODARA,2,6210987654
DR. CHAUDHARY RANJIT,Urologist,MADHYA PRADESH,BHOPAL,5,6109876543
DR. CHAWLA SUDHEER,Urologist,MADHYA PRADESH,INDORE,3,9991122334
DR. CHHABRA JAGJIT SINGH,Urologist,MADHYA PRADESH,GWALIOR,5,9982233445
DR. CHHAJED ASHISH,Urologist,MADHYA PRADESH,INDORE,5,9973344556
DR. CHIPDE SAURABH,Urologist,MADHYA PRADESH,INDORE,9,9964455667
DR. CHOUDHARY RANJIT,Urologist,MADHYA PRADESH,SAGAR,8,9955566778
DR. DESAI RASESH M.,Urologist,GUJARAT,VADODARA,5,9946677889
DR. DEWANI C.,Urologist,MADHYA PRADESH,BHOPAL,8,9937788990
DR. DEWANI CHANDRAPAL,Urologist,MADHYA PRADESH,BHOPAL,4,9928899001
DR. DHAKER DEVENDRA SINGH,Urologist,MADHYA PRADESH,BHOPAL,5,9919900112
DR. DHOLAKIA MAULESH,Urologist,GUJARAT,VADODARA,2,9900011223
DR. DHOLARIA PANKAJ D.,Urologist,GUJARAT,RAJKOT,7,9801122334
DR. GOLCHHA VIMAL,Urologist,MADHYA PRADESH,JABALPUR,10,9702233445
DR. GOUR AMIT,Urologist,MADHYA PRADESH,JABALPUR,10,9603344556
DR. GUPTA ANURAG,Urologist,UTTAR PRADESH,FIROZABAD,1,9504455667
DR. GUPTA NEERAJ,Urologist,MADHYA PRADESH,BHOPAL,2,9405566778
DR. GUPTA VIJAYANT GOVINDA,Urologist,DELHI,NEW DELHI,2,9306677889
DR. HARESH THUMAR,Urologist,GUJARAT,RAJKOT,4,9207788990
DR. HUSSAIN SHABBIR,Urologist,MADHYA PRADESH,JABALPUR,6,9108899001
DR. JADEJA N.A.,Urologist,GUJARAT,VADODARA,7,9009900112
DR. JAIN ANUP,Urologist,MADHYA PRADESH,JABALPUR,2,8991122334
DR. JAIN NILESH,Urologist,RAJASTHAN,KOTA,3,8882233445
DR. JAIN VINEET NAJA,Urologist,MADHYA PRADESH,INDORE,1,8773344556
DR. JHA VIVEK,Urologist,MADHYA PRADESH,INDORE,10,8664455667
DR. JOSHI ARVIND,Urologist,MADHYA PRADESH,BHOPAL,1,8555566778
DR. JOSHI MILIND,Urologist,MADHYA PRADESH,INDORE,7,8446677889
DR. JULKA SAURABH,Urologist,MADHYA PRADESH,INDORE,1,8337788990
DR. KAMATH NAGESH,Urologist,GUJARAT,VADODARA,6,8228899001
DR. KHANNA S.S.,Urologist,MADHYA PRADESH,SAGAR,8,8119900112
DR. KIRLOSKAR MILIND SHARAD,Urologist,MAHARASHTRA,NASHIK,3,8010011223
DR. KOLTE SANJAY P.,Urologist,MAHARASHTRA,NAGPUR,1,7911122334
DR. KUKHREJA RAJESH,Urologist,MADHYA PRADESH,INDORE,5,7812233445
DR. KUMAR ABHINAV,Urologist,MADHYA PRADESH,JABALPUR,2,7713344556
DR. KUMAR ANANT,Urologist,DELHI,NEW DELHI,9,7614455667
DR. KUMAR RAJESH RANJAN,Urologist,BIHAR,PATNA,6,7515566778
DR. KUNDARGI PRASHANT,Urologist,MADHYA PRADESH,BHOPAL,6,7416677889
DR. LADDHA ABHISHEK,Urologist,RAJASTHAN,UDAIPUR,5,7317788990
DR. LAHOTI R.K.,Urologist,MADHYA PRADESH,INDORE,4,7218899001
DR. MAHAJAN PRATIKSHIT MADHAV,Urologist,MAHARASHTRA,NASHIK,3,7119900112
DR. MAHESHWARI V.K.,Urologist,MADHYA PRADESH,GWALIOR,7,7010011223
DR. MEHRA ABHI,Urologist,MADHYA PRADESH,RATLAM,6,6911122334
DR. MEHTA JAYESH M.,Urologist,GUJARAT,RAJKOT,10,6812233445
DR. MISHRA VISHAL,Urologist,MADHYA PRADESH,REWA,1,6713344556
DR. MOTERIA SUNIL B.,Urologist,GUJARAT,RAJKOT,5,6614455667
DR. NAGAR RAVI,Urologist,MADHYA PRADESH,INDORE,2,6515566778
DR. NAWAZ AZAM,Urologist,MADHYA PRADESH,BHOPAL,5,6416677889
DR. NIWASKAR VISHAL,Urologist,MADHYA PRADESH,DEWAS,6,6317788990
DR. PANDYA SAURABH,Urologist,GUJARAT,VADODARA,10,6218899001
DR. PANDYA SAURABH,Urologist,GUJARAT,VADODARA,1,6119900112
DR. PARASAR RAKESH,Urologist,MADHYA PRADESH,INDORE,4,6010011223
DR. PARASHAR RAKESH,Urologist,MADHYA PRADESH,INDORE,10,5911122334
DR. PARULKAR S.M.,Urologist,MADHYA PRADESH,BHOPAL,8,5812233445
DR. PATANI RAJAN RATILAL,Urologist,MAHARASHTRA,NASHIK,9,5713344556
DR. PATEL RAJESH,Urologist,MADHYA PRADESH,JABALPUR,2,5614455667
DR. PATEL RAKESH,Urologist,GUJARAT,VADODARA,2,5515566778
DR. PATEL SNEHAL H.,Urologist,GUJARAT,VADODARA,8,5416677889
DR. PRASAD SHARAD CHANDRA,Urologist,MAHARASHTRA,NASHIK,10,5317788990
DR. QUTUBUDDIN ALI,Urologist,MADHYA PRADESH,BHOPAL,7,5218899001
DR. RAJA DILIP,Urologist,MADHYA PRADESH,GWALIOR,6,5119900112
DR. RAO NAGARAJA,Urologist,ANDAMAN AND NICOBAR,SOUTH ANDAMAN,3,9100000000
DR. RATHI SURESH,Urologist,MADHYA PRADESH,INDORE,4,9100000001
DR. SHAH ASHIT M.,Urologist,GUJARAT,VADODARA,3,9100000002
DR. SHAH SANJIV C.,Urologist,GUJARAT,VADODARA,6,9100000003
DR. SHAH YOGESH,Urologist,GUJARAT,VADODARA,8,9100000004
DR. SHARIQ-UL-HASAN,Urologist,MADHYA PRADESH,BHOPAL,9,9100000005
DR. SHETH SUDHIR D.,Urologist,GUJARAT,RAJKOT,2,9100000006
DR. SHINDEV SANJAY,Urologist,MADHYA PRADESH,INDORE,2,9100000007
DR. SHRIMALI PRITESH,Urologist,MADHYA PRADESH,INDORE,7,9100000008
DR. SHRIVASTAV SURENDRA KUMAR,Urologist,MADHYA PRADESH,BHOPAL,2,9100000009
DR. SHRIVASTAVA S.K.,Urologist,MADHYA PRADESH,BHOPAL,1,9100000010
DR. SINGH SATYENDRA,Urologist,MADHYA PRADESH,INDORE,2,9100000011
DR. SINGHAL SUNEEL,Urologist,MADHYA PRADESH,INDORE,6,9100000012
DR. SOLANKI FANINDRA SINGH,Urologist,MADHYA PRADESH,JABALPUR,5,9100000013
DR. SONGRA M.C.,Urologist,MADHYA PRADESH,BHOPAL,1,9100000014
DR. SORATHIYA BHARAT C.,Urologist,GUJARAT,RAJKOT,6,9100000015
DR. SURYA PRAKASH B.,Urologist,TELANGANA,HYDERABAD,8,9100000016
DR. TANDON J.K.,Urologist,MADHYA PRADESH,JABALPUR,2,9100000017
DR. THATTE C.S.,Urologist,MADHYA PRADESH,INDORE,10,9100000018
DR. TIWARI PUNEET,Urologist,MADHYA PRADESH,BHOPAL,8,9100000019
DR. TYAGI SIDDHARTH,Urologist,MADHYA PRADESH,INDORE,5,9100000020
DR. VILEKAR NANDAN P.,Urologist,MAHARASHTRA,NASHIK,6,9100000021
DR. WANI KISHORE DATTATRAY,Urologist,MAHARASHTRA,NASHIK,7,9100000022
Dr. Ravi Das,Pulmonologist,West Bengal,Kolkata,9,9893750214
Dr. Pooja Reddy,Pulmonologist,Maharashtra,Pune,9,9876193172
Dr. Sunita Das,Pulmonologist,Rajasthan,Jaipur,5,9892083216
Dr. Suresh Nair,Pulmonologist,Maharashtra,Pune,8,9825834047
Dr. Sneha Choudhary,Pulmonologist,Tamil Nadu,Chennai,3,9888282032
Dr. Arjun Saxena,Pulmonologist,Karnataka,Bangalore,8,9863690964
Dr. Gaurav Verma,Pulmonologist,Rajasthan,Jaipur,6,9872079855
Dr. Pooja Patel,Pulmonologist,Telangana,Hyderabad,9,9875631453
Dr. Suresh Malhotra,Pulmonologist,Gujarat,Ahmedabad,10,9885124838
Dr. Vikram Sharma,Pulmonologist,Tamil Nadu,Chennai,1,9872094637
Dr. Tarun Agarwal,Pulmonologist,Gujarat,Ahmedabad,7,9880280569
Dr. Divya Saxena,Pulmonologist,West Bengal,Kolkata,4,9820307093
Dr. Komal Bajaj,Pulmonologist,Uttar Pradesh,Lucknow,2,9883195353
Dr. Nidhi Das,Pulmonologist,Uttar Pradesh,Lucknow,9,9825698738
Dr. Ravi Yadav,Pulmonologist,Tamil Nadu,Chennai,5,9840489031
Dr. Vikram Bhattacharya,Pulmonologist,Maharashtra,Pune,1,9870603793
Dr. Amit Agarwal,Pulmonologist,Rajasthan,Jaipur,9,9855135015
Dr. Manish Bhattacharya,Pulmonologist,Tamil Nadu,Chennai,4,9888204083
Dr. Pankaj Yadav,Pulmonologist,Maharashtra,Pune,5,9875668151
Dr. Vikram Verma,Pulmonologist,Rajasthan,Jaipur,1,9892051542
Dr. Rahul Choudhary,Pulmonologist,Maharashtra,Pune,7,9882977425
Dr. Vikram Kapoor,Pulmonologist,Telangana,Hyderabad,2,9814318177
Dr. Tarun Saxena,Karnataka,Karnataka,Bangalore,7,9833412872
Dr. Pankaj Nair,Pulmonologist,Karnataka,Bangalore,7,9821644314
Dr. Sunita Gupta,Pulmonologist,Telangana,Hyderabad,3,9818270658
Dr. Amit Agarwal,Pulmonologist,West Bengal,Kolkata,3,9822950559
Dr. Swati Saxena,Pulmonologist,Maharashtra,Pune,3,9868954766
Dr. Alok Das,Pulmonologist,Karnataka,Bangalore,7,9860111671
Dr. Amit Gupta,Pulmonologist,Maharashtra,Mumbai,2,9890935076
Dr. Meera Bhattacharya,Pulmonologist,West Bengal,Kolkata,2,9845588469
Dr. Sunita Reddy,Pulmonologist,Rajasthan,Jaipur,3,9873733128
Dr. Kiran Verma,Pulmonologist,Uttar Pradesh,Lucknow,5,9875403464
Dr. Sneha Iyer,Pulmonologist,Delhi,Delhi,8,9897579398
Dr. Divya Yadav,Pulmonologist,Maharashtra,Mumbai,5,9849975282
Dr. Kiran Kapoor,Pulmonologist,Uttar Pradesh,Lucknow,6,9853021783
Dr. Tarun Gupta,Pulmonologist,Uttar Pradesh,Lucknow,9,9819791740
Dr. Preeti Agarwal,Pulmonologist,Maharashtra,Pune,2,9844715877
Dr. Komal Kapoor,Pulmonologist,Rajasthan,Jaipur,10,9869858778
Dr. Swati Iyer,Pulmonologist,West Bengal,Kolkata,3,9833243024
Dr. Sanjay Nair,Pulmonologist,Maharashtra,Mumbai,9,9868611203
Dr. Nidhi Gupta,Pulmonologist,Uttar Pradesh,Lucknow,9,9825053942
Dr. Ravi Patel,Pulmonologist,Maharashtra,Mumbai,6,9887824851
Dr. Vikram Patel,Pulmonologist,Karnataka,Bangalore,8,9893585359
Dr. Suresh Yadav,Pulmonologist,Maharashtra,Pune,8,9873979980
Dr. Kiran Singh,Pulmonologist,Maharashtra,Mumbai,3,9836471442
Dr. Rohan Nair,Pulmonologist,Uttar Pradesh,Lucknow,10,9835828807
Dr. Manish Iyer,Pulmonologist,Uttar Pradesh,Lucknow,3,9882833812
Dr. Sneha Verma,Pulmonologist,Gujarat,Ahmedabad,1,9820955745
Dr. Pooja Sharma,Pulmonologist,West Bengal,Kolkata,7,9825849714
Dr. Vikram Joshi,Pulmonologist,Maharashtra,Mumbai,10,9843720057
Dr. Arjun Sharma,Pulmonologist,Rajasthan,Jaipur,10,9896475341
Dr. Rajesh Verma,Pulmonologist,Rajasthan,Jaipur,1,9893096263
Dr. Priya Bhattacharya,Pulmonologist,Rajasthan,Jaipur,6,9866777532
Dr. Ravi Mehta,Pulmonologist,Delhi,Delhi,2,9896959308
Dr. Komal Kapoor,Pulmonologist,Karnataka,Bangalore,7,9886722614
Dr. Vikram Yadav,Pulmonologist,Maharashtra,Mumbai,9,9880595406
Dr. Meera Yadav,Proctologist,Delhi,Delhi,7,9882654894
Dr. Komal Reddy,Proctologist,Maharashtra,Pune,6,9827582832
Dr. Varun Mehta,Proctologist,West Bengal,Kolkata,7,9851842616
Dr. Nidhi Das,Proctologist,Uttar Pradesh,Lucknow,3,9828326425
Dr. Alok Agarwal,Proctologist,Maharashtra,Mumbai,9,9868962024
Dr. Ravi Agarwal,Proctologist,West Bengal,Kolkata,7,9878367930
Dr. Pooja Patel,Proctologist,Rajasthan,Jaipur,1,9836241268
Dr. Suresh Singh,Proctologist,West Bengal,Kolkata,6,9836771997
Dr. Tarun Patel,Proctologist,Telangana,Hyderabad,6,9873410843
Dr. Alok Singh,Proctologist,Telangana,Hyderabad,9,9843729675
Dr. Meera Choudhary,Proctologist,Karnataka,Bangalore,1,9824205860
Dr. Nidhi Agarwal,Proctologist,Karnataka,Bangalore,6,9840448329
Dr. Kunal Saxena,Proctologist,Delhi,Delhi,10,9818855700
Dr. Komal Malhotra,Proctologist,Maharashtra,Mumbai,9,9833574402
Dr. Meera Sharma,Proctologist,Telangana,Hyderabad,10,9839442331
Dr. Sanjay Yadav,Proctologist,Telangana,Hyderabad,6,9895393292
Dr. Kiran Nair,Proctologist,Maharashtra,Pune,9,9810880075
Dr. Rajesh Yadav,Proctologist,Telangana,Hyderabad,8,9843185018
Dr. Komal Joshi,Proctologist,West Bengal,Kolkata,3,9897458793
Dr. Alok Verma,Proctologist,Telangana,Hyderabad,3,9839116978
Dr. Arjun Saxena,Proctologist,Tamil Nadu,Chennai,5,9881604024
Dr. Divya Bose,Proctologist,Maharashtra,Mumbai,7,9811825545
Dr. Pankaj Reddy,Proctologist,West Bengal,Kolkata,6,9818050549
Dr. Gaurav Saxena,Proctologist,Delhi,Delhi,9,9839513384
Dr. Pooja Iyer,Proctologist,Maharashtra,Pune,4,9888217222
Dr. Meera Bose,Proctologist,Maharashtra,Mumbai,1,9852069810
Dr. Gaurav Verma,Proctologist,Gujarat,Ahmedabad,7,9827747584
Dr. Gaurav Gupta,Proctologist,Karnataka,Bangalore,8,9893493396
Dr. Komal Das,Proctologist,Maharashtra,Mumbai,3,9824315897
Dr. Alok Sharma,Proctologist,Uttar Pradesh,Lucknow,6,9817601128
Dr. Vikram Bose,Proctologist,Uttar Pradesh,Lucknow,1,9841172630
Dr. Neha Singh,Proctologist,Maharashtra,Pune,8,9894059046
Dr. Komal Malhotra,Proctologist,Maharashtra,Pune,3,9834704743
Dr. Amit Iyer,Proctologist,Maharashtra,Mumbai,2,9893066996
Dr. Sneha Joshi,Proctologist,West Bengal,Kolkata,4,9889586544
Dr. Priya Gupta,Proctologist,Karnataka,Bangalore,1,9889460570
Dr. Gaurav Singh,Proctologist,Uttar Pradesh,Lucknow,1,9832232534
Dr. Divya Bose,Proctologist,Maharashtra,Mumbai,2,9872346177
Dr. Alok Iyer,Proctologist,Rajasthan,Jaipur,7,9860234602
Dr. Rohan Singh,Proctologist,Delhi,Delhi,10,9870504209
Dr. Amit Kapoor,Proctologist,Delhi,Delhi,10,9814668376
Dr. Nidhi Bajaj,Proctologist,Tamil Nadu,Chennai,3,9891885199
Dr. Anjali Kapoor,Proctologist,Rajasthan,Jaipur,2,9885518544
Dr. Ravi Joshi,Proctologist,Karnataka,Bangalore,7,9898559353
Dr. Anjali Iyer,Proctologist,Karnataka,Bangalore,10,9819890461
Dr. Divya Gupta,Proctologist,Telangana,Hyderabad,6,9879927922
Dr. Komal Reddy,Proctologist,Maharashtra,Pune,6,9818855750
Dr. Ravi Iyer,Proctologist,Delhi,Delhi,5,9871850715
Dr. Pankaj Gupta,Proctologist,Uttar Pradesh,Lucknow,6,9851926685
Dr. Alok Choudhary,Proctologist,Karnataka,Bangalore,4,9898686001
Dr. Sanjay Agarwal,Proctologist,West Bengal,Kolkata,9,9829455783
Dr. Alok Kapoor,Proctologist,Telangana,Hyderabad,6,9837476371
Dr. Gaurav Gupta,Proctologist,Maharashtra,Pune,5,9828549911
Dr. Ravi Bajaj,Proctologist,Karnataka,Bangalore,3,9844943303
Dr. Preeti Singh,Proctologist,Rajasthan,Jaipur,2,9819657901
Dr. Nidhi Mehta,Proctologist,Maharashtra,Pune,1,9899599125
Dr. Gaurav Das,Proctologist,Karnataka,Bangalore,9,9844176267
Dr. Sunita Agarwal,Proctologist,Telangana,Hyderabad,7,9822203849
Dr. Neha Kapoor,Proctologist,Gujarat,Ahmedabad,10,9882980723
Dr. Kiran Bose,Proctologist,Maharashtra,Pune,2,9844222777
Dr. Arjun Agarwal,Proctologist,Tamil Nadu,Chennai,4,9856018204
Dr. Gaurav Das,Proctologist,Maharashtra,Mumbai,2,9834066059
Dr. Sneha Kapoor,Proctologist,Rajasthan,Jaipur,5,9817235505
Dr. Komal Choudhary,ENT Specialist,West Bengal,Kolkata,3,9856652492
Dr. Sanjay Gupta,Psychiatrist,Maharashtra,Pune,5,9863266624
Dr. Swati Patel,ENT Specialist,Gujarat,Ahmedabad,5,9899913982
Dr. Sunita Kapoor,Endocrinologist,West Bengal,Kolkata,9,9893969941
Dr. Nidhi Nair,Psychiatrist,Tamil Nadu,Chennai,8,9888371081
Dr. Deepak Gupta,Ophthalmologist,Uttar Pradesh,Lucknow,5,9818835860
Dr. Sneha Iyer,Dermatologist,Maharashtra,Pune,8,9875888054
Dr. Swati Verma,General Physician,Delhi,Delhi,4,9825598623
Dr. Pooja Bose,Orthopedic,Uttar Pradesh,Lucknow,5,9810736457
Dr. Kunal Iyer,Cardiologist,Karnataka,Bangalore,2,9829733693
,,,,,9829733694
